cell_id,stock_mptcp_mbps,controller_mptcp_mbps,singlepath_mbps,controller_minus_stock_mbps,stock_verdict,controller_verdict
rtt1_bw1_loss0_buf-default,92.9175,91.7716,16.8494,-1.1459,BENEFICIAL,BENEFICIAL
rtt1_bw1_loss0_buf-small,24.9021,25.5392,13.8010,0.6371,BENEFICIAL,BENEFICIAL
rtt1_bw1_loss1_buf-default,29.4710,26.9473,17.0283,-2.5237,BENEFICIAL,BENEFICIAL
rtt1_bw1_loss1_buf-small,20.5710,21.1173,14.1470,0.5463,BENEFICIAL,BENEFICIAL
rtt1_bw1_loss3_buf-default,20.6889,17.6761,15.7380,-3.0128,BENEFICIAL,NS
rtt1_bw1_loss3_buf-small,14.6687,14.5298,14.8341,-0.1389,NS,NS
rtt1_bw2_loss0_buf-default,58.8358,57.5814,15.6191,-1.2544,BENEFICIAL,BENEFICIAL
rtt1_bw2_loss0_buf-small,26.7319,26.9654,13.8652,0.2335,BENEFICIAL,BENEFICIAL
rtt1_bw2_loss1_buf-default,30.6694,27.2740,15.7109,-3.3954,BENEFICIAL,BENEFICIAL
rtt1_bw2_loss1_buf-small,20.6535,20.6592,14.5532,0.0057,BENEFICIAL,BENEFICIAL
rtt1_bw2_loss3_buf-default,20.2240,17.8978,14.8220,-2.3262,BENEFICIAL,NS
rtt1_bw2_loss3_buf-small,13.6774,13.0627,14.3351,-0.6147,NS,NS
rtt1_bw5_loss0_buf-default,33.4536,33.8459,17.0442,0.3923,BENEFICIAL,BENEFICIAL
rtt1_bw5_loss0_buf-small,24.4635,22.9889,13.8254,-1.4746,BENEFICIAL,BENEFICIAL
rtt1_bw5_loss1_buf-default,28.8901,25.6784,14.4537,-3.2117,BENEFICIAL,BENEFICIAL
rtt1_bw5_loss1_buf-small,19.3068,19.0842,14.0566,-0.2226,BENEFICIAL,BENEFICIAL
rtt1_bw5_loss3_buf-default,19.5056,16.4990,16.9895,-3.0066,NS,NS
rtt1_bw5_loss3_buf-small,13.0880,13.1063,13.5606,0.0183,NS,NS
rtt2_bw1_loss0_buf-default,74.5699,71.4176,15.5219,-3.1523,BENEFICIAL,BENEFICIAL
rtt2_bw1_loss0_buf-small,23.3201,22.2806,14.1068,-1.0395,BENEFICIAL,BENEFICIAL
rtt2_bw1_loss1_buf-default,26.0565,22.0566,15.9280,-3.9999,BENEFICIAL,BENEFICIAL
rtt2_bw1_loss1_buf-small,17.2110,17.1049,14.1114,-0.1061,BENEFICIAL,BENEFICIAL
rtt2_bw1_loss3_buf-default,19.5014,15.4271,15.9582,-4.0743,NS,NS
rtt2_bw1_loss3_buf-small,12.5788,13.0058,14.2370,0.4270,HARMFUL,HARMFUL
rtt2_bw2_loss0_buf-default,53.9059,46.4586,16.1220,-7.4473,BENEFICIAL,BENEFICIAL
rtt2_bw2_loss0_buf-small,23.4510,22.6608,15.2134,-0.7902,BENEFICIAL,BENEFICIAL
rtt2_bw2_loss1_buf-default,23.8628,22.0917,15.1111,-1.7711,BENEFICIAL,BENEFICIAL
rtt2_bw2_loss1_buf-small,16.3361,16.5152,14.7811,0.1791,BENEFICIAL,NS
rtt2_bw2_loss3_buf-default,16.6122,15.7761,16.5885,-0.8361,NS,NS
rtt2_bw2_loss3_buf-small,11.9280,13.5139,15.0337,1.5859,HARMFUL,HARMFUL
rtt2_bw5_loss0_buf-default,32.0872,29.6644,15.9326,-2.4228,BENEFICIAL,BENEFICIAL
rtt2_bw5_loss0_buf-small,21.1319,21.1404,14.6515,0.0085,BENEFICIAL,BENEFICIAL
rtt2_bw5_loss1_buf-default,25.2323,21.8050,15.9152,-3.4273,BENEFICIAL,BENEFICIAL
rtt2_bw5_loss1_buf-small,15.9475,15.6007,14.5461,-0.3468,BENEFICIAL,NS
rtt2_bw5_loss3_buf-default,18.9427,17.6242,16.9806,-1.3185,NS,NS
rtt2_bw5_loss3_buf-small,11.7737,13.2330,14.3757,1.4593,HARMFUL,NS
rtt4_bw1_loss0_buf-default,44.8642,53.0299,15.5370,8.1657,BENEFICIAL,BENEFICIAL
rtt4_bw1_loss0_buf-small,18.2095,17.5596,13.8289,-0.6499,BENEFICIAL,BENEFICIAL
rtt4_bw1_loss1_buf-default,19.5331,18.8591,15.9069,-0.6740,NS,NS
rtt4_bw1_loss1_buf-small,12.8607,13.5378,13.5809,0.6771,NS,NS
rtt4_bw1_loss3_buf-default,15.4527,15.8150,16.5831,0.3623,NS,NS
rtt4_bw1_loss3_buf-small,9.5243,11.3884,14.3972,1.8641,HARMFUL,NS
rtt4_bw2_loss0_buf-default,44.7260,38.4843,17.0101,-6.2417,BENEFICIAL,BENEFICIAL
rtt4_bw2_loss0_buf-small,17.2287,18.2027,14.2569,0.9740,BENEFICIAL,BENEFICIAL
rtt4_bw2_loss1_buf-default,19.7778,19.3577,14.6905,-0.4201,BENEFICIAL,BENEFICIAL
rtt4_bw2_loss1_buf-small,11.8732,13.7095,14.8383,1.8363,HARMFUL,NS
rtt4_bw2_loss3_buf-default,15.8277,15.4554,16.8561,-0.3723,NS,NS
rtt4_bw2_loss3_buf-small,9.3418,12.0361,14.3634,2.6943,HARMFUL,HARMFUL
rtt4_bw5_loss0_buf-default,31.9341,29.5064,15.8296,-2.4277,BENEFICIAL,BENEFICIAL
rtt4_bw5_loss0_buf-small,16.5638,17.5975,14.8725,1.0337,NS,BENEFICIAL
rtt4_bw5_loss1_buf-default,20.0085,18.1002,15.3272,-1.9083,BENEFICIAL,NS
rtt4_bw5_loss1_buf-small,12.6802,12.7487,13.9513,0.0685,HARMFUL,NS
rtt4_bw5_loss3_buf-default,17.8326,17.2848,16.7981,-0.5478,NS,NS
rtt4_bw5_loss3_buf-small,9.9639,11.9504,13.7420,1.9865,HARMFUL,HARMFUL
